{"_timestamp":1.7394830634486697e+09,"_runtime":0.893340029,"_step":7,"_wandb":{"runtime":0},"acc":0.8070971079959066,"loss":0.10026395679666092}